Category,Name,Density [kg/m^3],Poisson's Ratio,Young's Modulus [Pa],Q11 [Pa],Q22 [Pa],Q12 [Pa],Q66 [Pa],Q16 [Pa],Q26 [Pa],CTE_x [1/K],CTE_y [1/K],Available dimensions
Fiberglass,Chomarat: DIAGONAP DTF 20.72.3.06,2080.26,0.474953,3.32961e+10,3.59784e+10,1.18905e+10,5.64742e+09,6.48763e+09,0,0,5.76246e-06,5.19483e-06,{w:1270; t:0.69}
Fiberglass,Chomarat: DIAGONAP DT 17.60.3.06,1962.9,0.48339,2.97517e+10,3.20415e+10,9.79917e+09,4.73682e+09,5.37105e+09,0,0,6.17712e-06,5.29818e-06,{w:1270; t:0.65}
Fiberglass,Chomarat: DIAGONAP DTF 17.38.3.06,1820.66,0.537813,2.16456e+10,2.42199e+10,8.90015e+09,4.78661e+09,5.25048e+09,0,0,6.84866e-06,5.67044e-06,{w:1270; t:0.60}
Fiberglass,Chomarat: DIAGONAP DTF 14VC.38.3.06,1848.58,0.640854,2.81122e+10,3.38414e+10,1.39501e+10,8.93999e+09,9.63323e+09,0,0,4.56144e-06,-2.64737e-06,{w:1270; t:0.69}
Fiberglass,Chomarat: DIAGONAP DX FT 13.04,1647.53,0.657747,7.2631e+09,1.15137e+10,9.82504e+09,6.46239e+09,6.79491e+09,0,0,7.52063e-06,7.10885e-06,{w:1270; t:0.65}
Carbon Fiber,Chomarat: RUBAN CARBONE 9284,1501.58,0.264369,1.19286e+11,1.19663e+11,5.39503e+09,1.42628e+09,2.35457e+09,0,0,-4.20203e-06,-4.73549e-06,{w:1270; t:0.60}
Fiberglass,Chomarat: RUBAN 7018 F,1789.13,0.290177,3.31231e+10,3.3582e+10,5.44994e+09,1.58145e+09,2.03039e+09,0,0,6.87599e-06,4.77405e-06,{w:1270; t:0.49}
Fiberglass,Chomarat: RUBAN 2016,1926.33,0.282144,3.944e+10,3.99739e+10,6.70634e+09,1.89215e+09,2.50555e+09,0,0,6.18787e-06,4.87982e-06,{w:1270; t:0.3}
Fiberglass,Chomarat: ROVINAP 42 F2.08,1907.28,0.162634,3.21297e+10,3.24288e+10,1.13101e+10,1.83941e+09,2.41512e+09,0,0,6.22472e-06,5.5809e-06,{w:60; t:0.16}
Fiberglass,Chomarat: ROVINAP 24 F.08,1845.39,0.13434,2.6774e+10,2.7003e+10,1.26922e+10,1.70507e+09,2.21412e+09,0,0,6.37864e-06,5.91322e-06,{w:100; t:0.2}; {w:117; t:0.2}; {w:124; t:0.2}; {w:130; t:0.2}; {w:140; t:0.2}; 
Fiberglass,Chomarat: ROVINAP 60.08,1820.43,0.18437,3.01574e+10,3.04607e+10,8.92155e+09,1.64486e+09,2.10858e+09,0,0,6.76464e-06,5.57945e-06,{w:55; t:0.2}
Fiberglass,Chomarat: G-TAPE 6073FT,1994,0.145342,3.57291e+10,3.60223e+10,1.38806e+10,2.01744e+09,2.67364e+09,0,0,6.07503e-06,5.51113e-06,{w:1270; t:0.4}
Fiberglass,Chomarat: G-PLY TL360/330 T3/V30,1958.7,0.536794,2.49016e+10,2.80561e+10,1.09478e+10,5.8767e+09,6.50738e+09,0,0,6.16609e-06,5.45397e-06,{w:1270; t:0.29}
Carbon Fiber,Chomarat: C-PLY SP TBX270 C3.4 12K HS,1517.89,0.863233,9.58452e+09,3.76181e+10,3.76181e+10,3.24741e+10,3.34919e+10,4.67549e+08,4.67549e+08,-4.26607e-06,-4.26607e-06,{w:1270; t:0.59}
Carbon Fiber,Chomarat: C-TAPE U150P 12K x 43mm,1502.12,0.263973,1.19776e+11,1.20163e+11,5.56062e+09,1.46785e+09,2.40089e+09,0,0,-4.14707e-06,-2.67966e-06,{w:1270; t:0.08}
Carbon Fiber,Chomarat: C-TAPE U1160P 12K x 30mm,1549.12,0.170829,1.18911e+11,1.19183e+11,9.32831e+09,1.59355e+09,2.57453e+09,0,0,-4.215e-06,-1.03641e-07,{w:1270; t:0.5}
Carbon Fiber,Chomarat: DIAGOTEX D988C,1535.44,0.858038,1.13052e+10,3.82542e+10,3.66042e+10,3.14078e+10,3.24196e+10,0,0,-2.66657e-06,-5.53837e-06,{w:43; t:0.16}
Carbon Fiber,Chomarat: TER2A Tape U90C58L P 12K F,1478.89,0.175652,8.55727e+10,8.58575e+10,9.22923e+09,1.62114e+09,2.32696e+09,0,0,-2.28593e-06,2.95915e-06,{w:30; t:0.16}
Binding Mat,Chomarat: Volumat: 300T/300,1994,0.08,7591294.766,7.64019e+06,7.64019e+06,611215,3.51449e+06,0,0,2.5e-05,2.5e-05,{w:60; t:0.16}
Fiberglass,HongTex: E-LT-400,1962.31,0.137512,3.39057e+10,3.41753e+10,1.42545e+10,1.96017e+09,2.59681e+09,0,0,6.08181e-06,5.60324e-06,{w:1270; t:0.3}
Fiberglass,HongTex: E-LT-540,1963.43,0.124285,3.24509e+10,3.26948e+10,1.57882e+10,1.96224e+09,2.59958e+09,0,0,6.06284e-06,5.67848e-06,
Fiberglass,HongTex: E-LT-600,1963.03,0.131541,3.32941e+10,3.35521e+10,1.49115e+10,1.96148e+09,2.59857e+09,0,0,6.07369e-06,5.63686e-06,{w:55; t:0.4}; {w:1250; t:0.4}
Fiberglass,HongTex: E-LT-660,1965.72,0.138333,3.41038e+10,3.43759e+10,1.42153e+10,1.96644e+09,2.60522e+09,0,0,6.08098e-06,5.59349e-06,{w:1270.0; t:0.27}
Fiberglass,HongTex: E-LT-750,1971.58,0.148325,3.52437e+10,3.5537e+10,1.333e+10,1.97716e+09,2.61961e+09,0,0,6.08927e-06,5.52613e-06,{w:1295.4; t:0.37};{w:279.4; t:0.37}
Fiberglass,HongTex: E-LT-830,1971.4,0.156243,3.58975e+10,3.62063e+10,1.26524e+10,1.97684e+09,2.61918e+09,0,0,6.09728e-06,5.47974e-06,{w:1219.2; t:0.41};{w:220.2; t:0.41};{w:317.5; t:0.41};{w:330.2; t:0.41}
Fiberglass,HongTex: E-LT-980,1974.75,0.139458,3.45198e+10,3.47963e+10,1.42188e+10,1.98292e+09,2.62734e+09,0,0,6.07762e-06,5.57385e-06,{w:1219.2; t:0.45};{w:1295.4; t:0.45};{w:317.5; t:0.45};{w:330.2; t:0.45}
Fiberglass,HongTex: E-LT-660-10C,1961.21,0.138543,3.53157e+10,3.55882e+10,1.41986e+10,1.96712e+09,2.61232e+09,0,0,5.6222e-06,5.58831e-06,{w:1270.0; t:0.5};{w:322.6; t:0.5};{w:323.8; t:0.5};{w:340.4};{w:349.2; t:0.5};{w:355.6; t:0.5}
Fiberglass/Carbon,HongTex: EC-DBL-635,1879.69,0.50147,4.23788e+10,4.48904e+10,9.98787e+09,5.00862e+09,5.70046e+09,0,0,1.69247e-06,6.52528e-06,{w:323.8; t:0.56};{w:355.6; t:0.56}
Fiberglass/Carbon,HongTex: EC-DBL-800-30M,1917.75,0.501137,3.64845e+10,3.903e+10,1.01359e+10,5.07948e+09,5.75246e+09,0,0,2.93277e-06,6.30707e-06,{w:1270.0; t:0.66}
Fiberglass,HongTex: E-DBL-670-30M,1947.33,0.308631,3.64247e+10,3.71045e+10,7.13716e+09,2.20275e+09,2.82221e+09,0,0,6.17192e-06,4.92546e-06,{w:1270.0; t:0.57};{w:323.8; t:0.57};{w:342.9; t:0.57}
Fiberglass,HongTex: E-DBL-680-30M,1979.12,0.523094,2.66313e+10,2.95927e+10,1.08226e+10,5.66125e+09,6.30456e+09,0,0,6.16215e-06,5.38021e-06,{w:1270.0; t:0.49}
Fiberglass,HongTex: E-DBL-800-30M,1973.46,0.525263,2.64853e+10,2.94696e+10,1.08165e+10,5.68153e+09,6.32184e+09,0,0,6.16486e-06,5.39365e-06,{w:1270.0; t:0.65}
Fiberglass,HongTex: E-DBL-950-30M,1976.89,0.562239,2.31944e+10,2.693e+10,1.18173e+10,6.64415e+09,7.28714e+09,0,0,6.15111e-06,5.49073e-06,{w:317.5; t:0.22};{w:1270; t:0.22}
Fiberglass,HongTex: E-DBL-1150-30M,1979.85,0.496023,2.9505e+10,3.20184e+10,1.02155e+10,5.0671e+09,5.7124e+09,0,0,6.17063e-06,5.29597e-06,{w:1270; t:0.47}
Fiberglass,HongTex: 9 oz. Uni,2290.53,0.28,42240000000,4.58333e+10,4.58333e+10,1.28333e+10,1.65e+10,0,0,6e-06,2.5e-05,{w:381; t:0.55};{w:323.8; t:0.55};{w:342.9};{w:381.0; t:0.55}; {w:1270; t:0.55}
Fiberglass,HongTex: 13 oz. Uni,1974.61,0.282038,4.14198e+10,4.1979e+10,7.02982e+09,1.98268e+09,2.62701e+09,0,0,6.16896e-06,4.72721e-06,{w:1270; t:0.66}
Fiberglass,HongTex: 17 oz. Uni,2955.9,0.28,42240000000,4.58333e+10,4.58333e+10,1.28333e+10,1.65e+10,0,0,6e-06,2.5e-05,{w:1270; t:0.79}
Fiberglass,HongTex: K2-20,1965.74,0.138202,3.40914e+10,3.43632e+10,1.4229e+10,1.96648e+09,2.60528e+09,0,0,6.08081e-06,5.59422e-06,{w:1270.0; t:0.2}
Fiberglass,HongTex: K2-22,1968.75,0.148174,3.51332e+10,3.54254e+10,1.33087e+10,1.972e+09,2.61268e+09,0,0,6.09054e-06,5.53138e-06,{w:1270.0; t:0.29};{w:40.0; t:0.29};{w:50.0; t:0.29}
Flax,BComp: AMPLITEX 5057-6,1340,0.342,3.534e+10,3.58822e+10,4.63525e+09,1.58526e+09,1.80288e+09,0,0,8.73387e-06,7.07802e-06,{w:1270; t:0.37}
Carbon/Flax,BComp: Amplitex 115gsm-C 125gsm-F - 52mm,1450,0.33,48263300000,5.41615e+10,5.41615e+10,1.78733e+10,1.81441e+10,0,0,2e-06,2e-06,{w:1270.0; t:0.45};{w:317.5; t:0.45}
Carbon Fiber,A&P Technology: BIMAX 374,1520,0.863305,9.68789e+09,3.80358e+10,3.80358e+10,3.28365e+10,3.38656e+10,0,0,-4.27013e-06,-4.27013e-06,{w:323.8; t:0.5};{w:355.6; t:0.5}
Carbon Fiber,A&P Technology: UNI-4.0-SM,1520,0.264,1.3224e+11,1.32655e+11,5.94883e+09,1.57049e+09,2.59965e+09,0,0,-4.21767e-06,-5.20653e-06,{w:125; t:0.17};{w:310; t:0.17};{w:950.0; t:0.17}
Carbon Fiber,HongTex: TWILL-3K,1520,0.0226616,6.92661e+10,6.93017e+10,6.93017e+10,1.57049e+09,2.59965e+09,0,0,-4.27013e-06,-4.27013e-06,{w:60; t:0.25}
Precure laminate,Hexcel: Polyspeed GC-EV 530B,1642.36,0.233663,6.07039e+10,6.10643e+10,6.60071e+09,1.54234e+09,2.08434e+09,0,0,-3.2561e-07,2.99935e-06,{w:1270; t:0.38}
Precure laminate,Hexcel: Polyspeed GC-EV 750B,1790.19,0.240759,7.21505e+10,7.25993e+10,7.74245e+09,1.86406e+09,2.64825e+09,0,0,-3.83349e-07,3.14158e-06,{w:150; t:0.14}
Precure laminate,Hexcel: Polyspeed GC-EV BB566,1750.1,0.601446,1.15511e+10,1.72801e+10,1.58376e+10,9.52543e+09,1.00086e+10,0,0,3.77346e-06,2.95351e-06,{w:1270; t:0.22}
Precure laminate,Hexcel: Polyspeed HMGC-EV 606B,1740.29,0.244875,4.47716e+10,4.51637e+10,6.53847e+09,1.60111e+09,2.09259e+09,0,0,2.88119e-06,4.34501e-06,{t:0.35}
Precure laminate,Hexcel: Polyspeed NR-C/Flax EV 405B,1438.13,0.230669,6.34894e+10,6.38242e+10,6.29195e+09,1.45136e+09,1.91548e+09,0,0,-8.17811e-07,3.10296e-06,{t:0.55}
Precure laminate,Hexcel: G-EV 696R,1994,0.15,31598370.79,3.23257e+07,3.23257e+07,4.84885e+06,1.37384e+07,0,0,2e-05,2e-05,{t:0.55}
Fleece,Nico Fiber,1980,0.33,3447380000,3.86868e+09,3.86868e+09,1.27666e+09,1.29601e+09,0,0,2.5e-05,2.5e-05,{t:0.42}
Binding Mat,Owens Corning: GLASS MAT M723 450gsm,1994,0.282,6.7488e+09,7.33186e+09,7.33186e+09,2.06758e+09,2.63214e+09,0,0,5.41722e-06,5.41722e-06,{t:0.5}
Binding Mat,Owens Corning: GLASS MAT M723 600gsm,1994,0.282,6.7488e+09,7.33186e+09,7.33186e+09,2.06758e+09,2.63214e+09,0,0,5.41722e-06,5.41722e-06,{t:0.5; w:1200.0}
Braid,Glass - Braid,1980,0.33,9652660.206,1.08323e+07,1.08323e+07,3.57466e+06,3.62882e+06,0,0,2e-05,2e-05,{w:1270; t:0.2}
Braid,Glass - Rovings in braid,1980,0.33,40679068.01,4.56504e+07,4.56504e+07,1.50646e+07,1.52929e+07,0,0,2e-05,2e-05,
Fleece,XuRui: G50 Fleece Veil,1577,0.33,3447380000,3.86868e+09,3.86868e+09,1.27666e+09,1.29601e+09,0,0,2.5e-05,2.5e-05,
Fleece,XuRui:G100 Fleece Veil,1577,0.33,3447380000,3.86868e+09,3.86868e+09,1.27666e+09,1.29601e+09,0,0,2.5e-05,2.5e-05,
Core - Wood,Ash,680,0.33,1.231e+10,1.38144e+10,1.38144e+10,4.55875e+09,4.62782e+09,0,0,4e-06,3.5e-05,
Core - Wood,Aspen,450,0.33,9.75e+09,1.09415e+10,1.09415e+10,3.61071e+09,3.66541e+09,0,0,4e-06,3.5e-05,{w:1000; t:0.15}
Core - Wood,Paulownia,280,0.33,5.6e+09,6.28437e+09,6.28437e+09,2.07384e+09,2.10526e+09,0,0,4e-06,3.5e-05,{w:1270; t:0.3}
Core - Wood,Hard Maple,705,0.33,1.262e+10,1.41623e+10,1.41623e+10,4.67355e+09,4.74436e+09,0,0,4e-06,3.5e-05,
Core - Wood,Soft Maple,550,0.33,1.13e+10,1.2681e+10,1.2681e+10,4.18472e+09,4.24812e+09,0,0,4e-06,3.5e-05,{t:10.0; w:320.0; l:1600.0};{t:100.0; w:240.0; l:1700.0};{t:100.0; w:240.0; l:1900.0};{t:100.0; w:260.0; l:2100.0};{t:100.0; w:270.0; l:2300.0};{t:100.0; w:280.0; l:1250.0};{t:100.0; w:280.0; l:1350.0};{t:100.0; w:280.0; l:1400.0};{t:100.0; w:280.0; l:1450.0};{t:100.0; w:280.0; l:1500.0};{t:100.0; w:280.0; l:1550.0};{t:100.0; w:280.0; l:1600.0};{t:100.0; w:280.0; l:1650.0};{t:100.0; w:280.0; l:1700.0};{t:100.0; w:280.0; l:1750.0};{t:100.0; w:280.0; l:1800.0};{t:100.0; w:280.0; l:1850.0};{t:100.0; w:280.0; l:1900.0};{t:100.0; w:280.0; l:2100.0};{t:100.0; w:280.0; l:2300.0};{t:100.0; w:290.0; l:1250.0};{t:100.0; w:300.0; l:1350.0};{t:100.0; w:300.0; l:1400.0};{t:100.0; w:300.0; l:1450.0};{t:100.0; w:300.0; l:1500.0};{t:100.0; w:300.0; l:1550.0};{t:100.0; w:300.0; l:1600.0};{t:100.0; w:300.0; l:1650.0};{t:100.0; w:300.0; l:1700.0};{t:100.0; w:300.0; l:1750.0};{t:100.0; w:320.0; l:1350.0};{t:100.0; w:320.0; l:1450.0};{t:100.0; w:320.0; l:1500.0};{t:100.0; w:320.0; l:1550.0};{t:100.0; w:320.0; l:1600.0};{t:100.0; w:320.0; l:1650.0};{t:100.0; w:320.0; l:1700.0};{t:100.0; w:320.0; l:1750.0};{t:100.0; w:320.0; l:1800.0};{t:100.0; w:320.0; l:1850.0};{t:100.0; w:320.0; l:1900.0};{t:100.0; w:330.0; l:1550.0};{t:100.0; w:340.0; l:1500.0};{t:100.0; w:340.0; l:1600.0};{t:100.0; w:340.0; l:1650.0};{t:100.0; w:340.0; l:1700.0};{t:100.0; w:340.0; l:1750.0};{t:100.0; w:340.0; l:1800.0};{t:100.0; w:340.0; l:1850.0};{t:100.0; w:340.0; l:1900.0};{t:100.0; w:360.0; l:1900.0};{t:11.0; w:320.0; l:1600.0};{t:11.5; w:360.0; l:1700.0};{t:12.0; w:320.0; l:1750.0};{t:12.0; w:360.0; l:1750.0};{t:12.5; w:340.0; l:1800.0};{t:140.0; w:340.0; l:2000.0};{t:600.0; w:110.0; l:1050.0};{t:600.0; w:110.0; l:1150.0};{t:600.0; w:110.0; l:1250.0};{t:600.0; w:110.0; l:1350.0};{t:600.0; w:115.0; l:1100.0};{t:600.0; w:115.0; l:1200.0};{t:600.0; w:115.0; l:1300.0};{t:600.0; w:115.0; l:1400.0};{t:600.0; w:115.0; l:1500.0};{t:600.0; w:115.0; l:1600.0};{t:600.0; w:120.0; l:1250.0};{t:600.0; w:120.0; l:1350.0};{t:600.0; w:120.0; l:1450.0};{t:600.0; w:120.0; l:1550.0};{t:600.0; w:120.0; l:1650.0};{t:600.0; w:130.0; l:1460.0};{t:600.0; w:130.0; l:1500.0};{t:600.0; w:130.0; l:1560.0};{t:600.0; w:130.0; l:1600.0};{t:600.0; w:130.0; l:1660.0};{t:600.0; w:130.0; l:1700.0};{t:600.0; w:130.0; l:1760.0};{t:600.0; w:130.0; l:1800.0};{t:7.0; w:240.0; l:1650.0};{t:7.0; w:240.0; l:1900.0};{t:7.0; w:260.0; l:1050.0};{t:7.0; w:280.0; l:1150.0};{t:7.5; w:280.0; l:1100.0};{t:7.5; w:290.0; l:1250.0};{t:7.5; w:300.0; l:1350.0};{t:7.5; w:300.0; l:1400.0};{t:7.5; w:310.0; l:1450.0};{t:7.5; w:320.0; l:1500.0};{t:7.5; w:330.0; l:1550.0};{t:7.5; w:340.0; l:1600.0};{t:8.0; w:260.0; l:1150.0};{t:8.0; w:260.0; l:950.0};{t:8.0; w:280.0; l:1300.0};{t:8.0; w:320.0; l:1450.0};{t:8.0; w:320.0; l:1500.0};{t:8.0; w:330.0; l:1550.0};{t:8.0; w:340.0; l:1600.0};{t:8.0; w:340.0; l:1650.0};{t:8.5; w:280.0; l:1500.0};{t:8.5; w:340.0; l:1600.0};{t:8.5; w:340.0; l:1650.0};{t:9.0; w:340.0; l:1600.0};{t:9.0; w:340.0; l:1650.0};{t:9.0; w:340.0; l:1700.0};{t:9.5; w:260.0; l:1250.0};{t:9.5; w:280.0; l:1350.0};{t:9.5; w:340.0; l:1550.0}
Core - Wood,European Beech,710,0.33,1.431e+10,1.60588e+10,1.60588e+10,5.29941e+09,5.3797e+09,0,0,4e-06,3.5e-05,
Core - Wood,Birch,740,0.33,1.386e+10,1.55538e+10,1.55538e+10,5.13276e+09,5.21053e+09,0,0,4e-06,3.5e-05,
Core - Wood,Bamboo,1150,0.33,1.26e+10,1.41398e+10,1.41398e+10,4.66614e+09,4.73684e+09,0,0,4e-06,3.5e-05,
Core - Wood,Fir,415,0.33,1.024e+10,1.14914e+10,1.14914e+10,3.79217e+09,3.84962e+09,0,0,4e-06,3.5e-05,
Core - Wood,Poplar - Light,370,0.33,7.59e+09,8.51756e+09,8.51756e+09,2.8108e+09,2.85338e+09,0,0,4e-06,3.5e-05,
Core - Wood,Poplar,412.5,0.33,9.245e+09,1.03748e+10,1.03748e+10,3.42369e+09,3.47556e+09,0,0,4e-06,3.5e-05,
Core - Wood,Poplar - Dense,455,0.33,1.09e+10,1.22321e+10,1.22321e+10,4.03658e+09,4.09774e+09,0,0,4e-06,3.5e-05,
Core - Composite,WBK # N21 - Offset Stringer (1x): Pal/Map,421.88,0.33,6894760000,7.73736e+09,7.73736e+09,2.55333e+09,2.59202e+09,0,0,4e-06,3.5e-05,
Core - Composite,WBK # N12 - Offset Stringer (2x): Asp/Map,604.4,0.33,13444780000,1.50878e+10,1.50878e+10,4.97899e+09,5.05443e+09,0,0,4e-06,3.5e-05,
Core - Composite,WBK # N3 - Solid: Asp Veneer,570.3,0.33,9307920000,1.04454e+10,1.04454e+10,3.44699e+09,3.49922e+09,0,0,4e-06,3.5e-05,
Core - Composite,WBK # N5 - Alternating: Fir/Asp,531.63,0.33,11548720000,1.29601e+10,1.29601e+10,4.27682e+09,4.34162e+09,0,0,4e-06,3.5e-05,
Core - Composite,WBK # N8 - Double Barrel: Fir/Asp,532.78,0.33,11548720000,1.29601e+10,1.29601e+10,4.27682e+09,4.34162e+09,0,0,4e-06,3.5e-05,
Core - Composite,WBK # N2 - Solid: Asp,498.79,0.33,9307920000,1.04454e+10,1.04454e+10,3.44699e+09,3.49922e+09,0,0,4e-06,3.5e-05,
Core - Composite,WBK # N4 - Solid: Pal,321,0.33,5033170000,5.64827e+09,5.64827e+09,1.86393e+09,1.89217e+09,0,0,4e-06,3.5e-05,
Core - Composite,WBK # N13 - Offset Stringers (1x): Asp/Map,546.51,0.33,10859240000,1.21863e+10,1.21863e+10,4.02149e+09,4.08242e+09,0,0,4e-06,3.5e-05,
Core - Composite,WBK # N14 - Alternating Asp/Pal,416.39,0.33,11548720000,1.29601e+10,1.29601e+10,4.27682e+09,4.34162e+09,0,0,4e-06,3.5e-05,
Core - Foam,Isosport: IsoCore 150,150,0.33,185000000,2.07609e+08,2.07609e+08,6.85108e+07,6.95489e+07,0,0,7e-05,7e-05,
Core - Foam,Isosport: IsoCore 250,250,0.33,300000000,3.36663e+08,3.36663e+08,1.11099e+08,1.12782e+08,0,0,7e-05,7e-05,
Core - Foam,Armacell: Struct GRX 100,100,0.33,120000000,1.34665e+08,1.34665e+08,4.44395e+07,4.51128e+07,0,0,7e-05,7e-05,
Core - Foam,Armacell: Struct GRX 115,115,0.33,140000000,1.57109e+08,1.57109e+08,5.1846e+07,5.26316e+07,0,0,7e-05,7e-05,
Core - Foam,Armacell: Struct GRX 150,150,0.33,185000000,2.07609e+08,2.07609e+08,6.85108e+07,6.95489e+07,0,0,7e-05,7e-05,
Core - Foam,Armacell: Struct GRX 250,250,0.33,300000000,3.36663e+08,3.36663e+08,1.11099e+08,1.12782e+08,0,0,7e-05,7e-05,
Steel,CDW: Steel Edge,8050,0.29,2.07E+11,2.26007e+11,2.26007e+11,6.55421e+10,8.02326e+10,0,0,1.15e-05,1.15e-05,
Steel,Freidrich: Steel Edge,8050,0.29,2.07E+11,2.26007e+11,2.26007e+11,6.55421e+10,8.02326e+10,0,0,1.15e-05,1.15e-05,
Titanal,AMAG: Titanal,2810,0.33,7.17e+10,8.04623e+10,8.04623e+10,2.65526e+10,2.69549e+10,0,0,2.36e-05,2.36e-05,
Sintered base material,Crown: DS 4001,935,0.46,9e+08,1.14155e+09,1.14155e+09,5.25114e+08,3.08219e+08,0,0,0.00015,0.00015,
Extruded base material,Crown: F7501,935,0.46,7e+08,8.87874e+08,8.87874e+08,4.08422e+08,2.39726e+08,0,0,0.00015,0.00015,
Sintered base material,CPS: P-Tex 4504,935,0.46,9e+08,1.14155e+09,1.14155e+09,5.25114e+08,3.08219e+08,0,0,0.00015,0.00015,{t:0.5; w:211.0};{t:0.5; w:230.0};{t:0.5; w:250.0};{t:0.5; w:260.0};{t:0.5; w:290.0};{t:0.6; w:211.0};{t:0.6; w:230.0};{t:0.6; w:240.0}
Sintered base material,CPS: P-Tex 3000,935,0.46,9e+08,1.14155e+09,1.14155e+09,5.25114e+08,3.08219e+08,0,0,0.00015,0.00015,{t:1.1; w:320.0};{t:1.1; w:340.0};{t:1.1; w:370.0};{t:1.1; w:380.0};{t:1.2; w:170.0};{t:1.2; w:320.0};{t:1.2; w:330.0};{t:1.2; w:335.0};{t:1.2; w:340.0};{t:1.2; w:355.0};{t:1.3; w:240.0};{t:1.3; w:260.0};{t:1.3; w:280.0};{t:1.3; w:290.0};{t:1.3; w:300.0};{t:1.3; w:320.0};{t:1.3; w:330.0};{t:1.3; w:340.0};{t:1.3; w:380.0};{t:1.7; w:260.0};{t:1.7; w:280.0};{t:1.7; w:290.0};{t:1.7; w:300.0};{t:1.7; w:320.0};{t:1.7; w:330.0};{t:1.7; w:340.0};{t:1.7; w:360.0};{t:2.0; w:340.0}
Sintered base material,CPS: P-Tex 2100,935,0.46,9e+08,1.14155e+09,1.14155e+09,5.25114e+08,3.08219e+08,0,0,0.00015,0.00015,{t:1.0; w:310.0};{t:1.2; w:250.0};{t:1.2; w:320.0};{t:1.2; w:330.0};{t:1.2; w:340.0};{t:1.3; w:240.0};{t:1.3; w:250.0};{t:1.3; w:280.0};{t:1.3; w:316.0};{t:1.3; w:331.0};{t:1.3; w:346.0};{t:1.3; w:376.0};{t:1.6; w:250.0};{t:1.7; w:280.0}
Sintered base material,CPS: P-Tex 2000,935,0.46,9e+08,1.14155e+09,1.14155e+09,5.25114e+08,3.08219e+08,0,0,0.00015,0.00015,{t:1.1; w:135.0};{t:1.1; w:150.0};{t:1.3; w:115.0};{t:1.3; w:125.0};{t:1.3; w:130.0};{t:1.3; w:135.0};{t:1.3; w:140.0};{t:1.3; w:145.0};{t:1.3; w:150.0};{t:1.3; w:160.0};{t:1.3; w:165.0};{t:1.3; w:300.0};{t:1.3; w:320.0};{t:1.3; w:95.0};{t:1.7; w:130.0};{t:1.7; w:135.0};{t:1.7; w:140.0};{t:1.7; w:150.0};{t:1.7; w:155.0};{t:1.7; w:160.0};{t:1.7; w:165.0};{t:1.7; w:175.0}
Extruded base material,CPS: P-Tex 1100,935,0.46,7e+08,8.87874e+08,8.87874e+08,4.08422e+08,2.39726e+08,0,0,0.00015,0.00015,{t:1.3; w:115.0};{t:1.3; w:125.0};{t:1.3; w:130.0};{t:1.3; w:135.0};{t:1.3; w:140.0};{t:1.3; w:145.0};{t:1.3; w:150.0};{t:1.3; w:160.0};{t:1.3; w:165.0};{t:1.3; w:300.0};{t:1.3; w:320.0};{t:1.3; w:95.0}
Extruded base material,CPS: P-Tex 900,935,0.46,7e+08,8.87874e+08,8.87874e+08,4.08422e+08,2.39726e+08,0,0,0.00015,0.00015,{t:1.1; w:135.0};{t:1.1; w:150.0};{t:1.3; w:115.0};{t:1.3; w:125.0};{t:1.3; w:130.0};{t:1.3; w:135.0};{t:1.3; w:140.0};{t:1.3; w:145.0};{t:1.3; w:150.0};{t:1.3; w:160.0};{t:1.3; w:165.0};{t:1.3; w:300.0};{t:1.3; w:320.0};{t:1.3; w:95.0};{t:1.5; w:130.0};{t:1.5; w:135.0};{t:1.6; w:125.0};{t:1.6; w:135.0};{t:1.7; w:130.0};{t:1.7; w:135.0};{t:1.7; w:140.0};{t:1.7; w:150.0};{t:1.7; w:155.0};{t:1.7; w:160.0};{t:1.7; w:165.0};{t:1.7; w:175.0}
Top Material,Watom: Duraclear 117,1070,0.48,1e+08,1.29938e+08,1.29938e+08,6.23701e+07,3.37838e+07,0,0,0.00016,0.00016,{t:1.1; w:135.0};{t:1.2; w:350.0};{t:1.3; w:115.0};{t:1.3; w:125.0};{t:1.3; w:130.0};{t:1.3; w:135.0};{t:1.3; w:140.0};{t:1.3; w:145.0};{t:1.3; w:150.0};{t:1.3; w:155.0};{t:1.3; w:160.0};{t:1.3; w:165.0};{t:1.3; w:280.0};{t:1.3; w:300.0};{t:1.3; w:320.0};{t:1.3; w:340.0};{t:1.3; w:95.0};{t:1.5; w:150.0};{t:1.5; w:155.0};{t:1.7; w:130.0};{t:1.7; w:135.0};{t:1.7; w:140.0};{t:1.7; w:150.0};{t:1.7; w:155.0};{t:1.7; w:160.0};{t:1.7; w:165.0};{t:1.7; w:280.0};{t:1.7; w:300.0}
Top Material,Watom: Duraclear 111,1070,0.48,1e+08,1.29938e+08,1.29938e+08,6.23701e+07,3.37838e+07,0,0,0.00016,0.00016,{t:1.3; w:115.0};{t:1.3; w:125.0};{t:1.3; w:130.0};{t:1.3; w:135.0};{t:1.3; w:140.0};{t:1.3; w:145.0};{t:1.3; w:150.0};{t:1.3; w:160.0};{t:1.3; w:165.0};{t:1.3; w:300.0};{t:1.3; w:320.0};{t:1.3; w:95.0}
Top Material,Watom: 210,1070,0.48,1e+08,1.29938e+08,1.29938e+08,6.23701e+07,3.37838e+07,0,0,0.00016,0.00016,{t:1.3; w:115.0};{t:1.3; w:125.0};{t:1.3; w:130.0};{t:1.3; w:135.0};{t:1.3; w:140.0};{t:1.3; w:145.0};{t:1.3; w:150.0};{t:1.3; w:160.0};{t:1.3; w:165.0};{t:1.3; w:300.0};{t:1.3; w:320.0};{t:1.3; w:95.0}
Top Material,Watom: 211,1070,0.48,1e+08,1.29938e+08,1.29938e+08,6.23701e+07,3.37838e+07,0,0,0.00016,0.00016,{t:0.5; w:320.0};{t:0.5; w:340.0};{t:0.5; w:350.0}
Sintered base material,Isosport: IS 4800,935,0.46,9e+08,1.14155e+09,1.14155e+09,5.25114e+08,3.08219e+08,0,0,0.00015,0.00015,{t:0.5; w:320.0};{t:0.5; w:485.0};{t:0.5; w:515.0};{t:0.5; w:570.0};{t:0.6; w:570.0}
TPU,Isosport: TPU IE 3200 SM 2EV 031,1370,0.47,3e+08,3.8506e+08,3.8506e+08,1.80978e+08,1.02041e+08,0,0,0.00012,0.00012,{t:0.6; w:320.0};{t:0.6; w:340.0};{t:0.6; w:515.0};{t:0.6; w:570.0};{t:0.7; w:570.0}
Top Material,Isosport: ICP 5275,1070,0.38,1.2e+09,1.40252e+09,1.40252e+09,5.32959e+08,4.34783e+08,0,0,9e-05,9e-05,{t:0.5; w:320.0};{t:0.5; w:340.0};{t:0.5; w:345.0};{t:0.5; w:515.0};{t:0.5; w:570.0};{t:0.6; w:320.0};{t:0.6; w:340.0};{t:0.6; w:375.0};{t:0.6; w:515.0};{t:0.6; w:570.0}
Top Material,Isosport: ICP 5278,1070,0.38,1.2e+09,1.40252e+09,1.40252e+09,5.32959e+08,4.34783e+08,0,0,9e-05,9e-05,
Plastic,CPS: TP455,750,0.4,750000000,8.92857e+08,8.92857e+08,3.57143e+08,2.67857e+08,0,0,0.00015,0.00015,{t:0.6; w:325.0};{t:1.2; w:380.0}
Rubber,Semperit: Haberkorn Rubber,1070,0.499,3e+06,3.99468e+06,3.99468e+06,1.99334e+06,1.00067e+06,0,0,0.0002,0.0002,{t:0.5; w:320.0};{t:0.5; w:330.0};{t:0.5; w:340.0};{t:0.5; w:360.0};{t:0.5; w:375.0};{t:0.5; w:485.0};{t:0.5; w:515.0};{t:0.5; w:580.0};{t:0.6; w:320.0};{t:0.6; w:340.0};{t:0.6; w:360.0};{t:0.6; w:375.0};{t:0.6; w:515.0};{t:0.6; w:570.0}
Urethane,Argotec: Urethane,1070,0.45,3e+07,3.76176e+07,3.76176e+07,1.69279e+07,1.03448e+07,0,0,0.00015,0.00015,{t:0.5; w:320.0};{t:0.6; w:570.0}
Sidewall,CPS: ABS/TPU Sidewall,1070,0.38,2.3e+09,2.68817e+09,2.68817e+09,1.02151e+09,8.33333e+08,0,0,9e-05,9e-05,
Sidewall,IMS Plast: CPAN 125 GT2 ABS,1070,0.38,2.3e+09,2.68817e+09,2.68817e+09,1.02151e+09,8.33333e+08,0,0,9e-05,9e-05,
Sidewall,Crown: DS2000 UHMWPE,935,0.46,9e+08,1.14155e+09,1.14155e+09,5.25114e+08,3.08219e+08,0,0,0.00015,0.00015,
PU Foam,BASF: Modipur injection foam,600,0.33,20340000,2.28257e+07,2.28257e+07,7.53249e+06,7.64662e+06,0,0,7e-05,7e-05,{t:10.5; w:7.0; l:1450.0};{t:10.5; w:7.0; l:1480.0};{t:10.5; w:7.0; l:1500.0};{t:10.5; w:7.0; l:1550.0};{t:10.5; w:7.0; l:1620.0};{t:10.5; w:7.0; l:1650.0};{t:11.5; w:14.0; l:1500.0};{t:11.5; w:8.0; l:1650.0};{t:12.0; w:5.0; l:1400.0};{t:12.0; w:5.0; l:1455.0};{t:12.0; w:5.0; l:1500.0};{t:12.0; w:5.0; l:1530.0};{t:12.0; w:5.0; l:1575.0};{t:12.0; w:5.0; l:1600.0};{t:12.0; w:7.0; l:1550.0};{t:12.0; w:7.0; l:1600.0};{t:12.0; w:7.0; l:1620.0};{t:12.0; w:7.0; l:850.0};{t:12.0; w:7.0; l:900.0};{t:14.0; w:5.0; l:1540.0};{t:14.0; w:5.0; l:1650.0};{t:14.0; w:7.0; l:1650.0};{t:14.0; w:7.0; l:850.0};{t:14.0; w:7.0; l:900.0};{t:9.2; w:7.0; l:1350.0};{t:9.2; w:7.0; l:1450.0};{t:9.2; w:7.0; l:1500.0};{t:9.2; w:7.0; l:1550.0};{t:9.2; w:7.0; l:1600.0}
Precure laminate,Hexcell: G-R80 Laminate,1980,0.33,40679070000,4.56504e+10,4.56504e+10,1.50646e+10,1.52929e+10,0,0,8e-06,8e-06,{t:2.0};{t:2.5; w:350.0; l:1300.0};{t:4.0; w:350.0; l:1200.0};{t:4.0; w:350.0; l:1250.0};{t:4.0; w:350.0; l:1350.0};{t:4.0; w:350.0; l:1400.0};{t:4.0; w:350.0; l:1550.0};{t:4.0; w:350.0; l:1600.0};{t:5.0; w:350.0; l:1150.0};{t:5.0; w:350.0; l:1200.0};{t:5.0; w:350.0; l:1250.0};{t:5.0; w:350.0; l:1300.0};{t:5.0; w:350.0; l:1350.0};{t:5.0; w:350.0; l:1400.0};{t:5.0; w:350.0; l:1450.0};{t:5.0; w:350.0; l:1500.0};{t:5.0; w:350.0; l:1550.0};{t:5.0; w:350.0; l:1600.0};{t:5.0; w:350.0; l:1650.0};{t:5.0; w:350.0; l:1700.0};{t:5.0; w:350.0; l:1750.0};{t:5.0; w:350.0; l:950.0};{t:7.0; w:280.0; l:1300.0};{t:7.0; w:280.0; l:1400.0};{t:7.0; w:280.0; l:1500.0};{t:7.0; w:280.0; l:1600.0};{t:7.0; w:280.0; l:1650.0};{t:9.5; w:300.0; l:1650.0}
Precure laminate,Hexcell: G-EV R68,1980,0.33,40679070000,4.56504e+10,4.56504e+10,1.50646e+10,1.52929e+10,0,0,8e-06,8e-06,{t:0.5; w:260.0; l:1700.0};{t:2.5; w:250.0; l:1300.0};{t:3.0; w:260.0; l:1000.0};{t:5.0; w:250.0; l:1000.0};{t:5.0; w:250.0; l:1050.0};{t:5.0; w:250.0; l:1100.0};{t:5.0; w:250.0; l:1120.0};{t:5.0; w:250.0; l:1150.0};{t:5.0; w:250.0; l:1200.0};{t:5.0; w:250.0; l:1250.0};{t:5.0; w:250.0; l:1300.0};{t:5.0; w:250.0; l:1350.0};{t:5.0; w:250.0; l:1400.0};{t:5.0; w:250.0; l:1450.0};{t:5.0; w:250.0; l:1500.0};{t:5.0; w:250.0; l:1550.0};{t:5.0; w:250.0; l:1600.0};{t:5.0; w:250.0; l:1650.0};{t:5.0; w:250.0; l:1700.0};{t:5.0; w:250.0; l:1750.0};{t:5.0; w:250.0; l:1800.0};{t:7.0; w:250.0; l:1050.0};{t:7.0; w:250.0; l:1100.0};{t:7.0; w:250.0; l:1150.0};{t:7.0; w:250.0; l:1200.0};{t:7.0; w:250.0; l:1300.0};{t:7.0; w:250.0; l:1320.0};{t:7.0; w:250.0; l:1360.0};{t:7.0; w:250.0; l:1400.0};{t:7.0; w:250.0; l:1450.0};{t:7.0; w:250.0; l:1500.0};{t:7.0; w:250.0; l:1550.0};{t:7.0; w:250.0; l:1600.0};{t:7.0; w:250.0; l:1650.0};{t:7.0; w:250.0; l:1700.0};{t:7.0; w:250.0; l:950.0};{t:8.5; w:250.0; l:1120.0};{t:8.5; w:250.0; l:1150.0};{t:8.5; w:250.0; l:1200.0};{t:8.5; w:250.0; l:1250.0};{t:8.5; w:250.0; l:1270.0};{t:9.0; w:250.0; l:1300.0}
Precure laminate,Hexcell: G-EV 765R,1980,0.33,40679070000,4.56504e+10,4.56504e+10,1.50646e+10,1.52929e+10,0,0,8e-06,8e-06,
Precure laminate,Hexcell: G-EV R82,1980,0.33,40679070000,4.56504e+10,4.56504e+10,1.50646e+10,1.52929e+10,0,0,8e-06,8e-06,{t:1.0; w:1220.0; l:100.0};{t:1.0; w:60.0; l:100.0}
Steel,CDW: Kaltbandstahl C75S,8050,0.29,2.07E+11,2.26007e+11,2.26007e+11,6.55421e+10,8.02326e+10,0,0,1.15e-05,1.15e-05,{t:0.7; w:1000.0}
3D Print,3D Printed ABS,970,0.38,2.3e+09,2.68817e+09,2.68817e+09,1.02151e+09,8.33333e+08,0,0,9e-05,9e-05,{t:0.6; w:1200.0}
3D Print,3D Printed PP,900,0.44,1.6e+09,1.98413e+09,1.98413e+09,8.73016e+08,5.55556e+08,0,0,0.00015,0.00015,{t:0.8; w:1200.0}
3D Print,3D Printed TPU,970,0.47,1.5e+08,1.9253e+08,1.9253e+08,9.0489e+07,5.10204e+07,0,0,0.00012,0.00012,{t:0.2; w:23.5};{t:0.2; w:47.0}
Carbon Fiber,Carbon Conversions: re-Evo MCF-SB 200gsm,1368.4,0.33,21218410000,2.38115e+10,2.38115e+10,7.85779e+09,7.97685e+09,0,0,1e-05,1e-05,
Wood,BComp: BCore 300 XL,300,0.33,6200000000,6.95769e+09,6.95769e+09,2.29604e+09,2.33083e+09,0,0,4e-06,3.5e-05,
Plastic - Weighted,Ecomass: 4703ZC71 - TPU/SS - 3.0g/cc,3000,0.44,1.07e+08,1.32688e+08,1.32688e+08,5.83829e+07,3.71528e+07,0,0,1.71e-05,1.71e-05,
Plastic - Weighted,Ecomass: 4703ZC76 - TPU/SS - 3.4g/cc,3400,0.43,1.25e+08,1.53355e+08,1.53355e+08,6.59428e+07,4.37063e+07,0,0,1.7e-05,1.7e-05,
Plastic - Weighted,Ecomass: 4703ZC87 - TPU/SS - 4.5g/cc,4500,0.4,1.97e+08,2.34524e+08,2.34524e+08,9.38095e+07,7.03571e+07,0,0,1.7e-05,1.7e-05,{t:12.0; w:122.0; l:200.0};{t:12.0; w:122.0; l:307.0};{t:14.0; w:140.0; l:1800.0};{t:14.0; w:140.0; l:1900.0};{t:14.0; w:143.0; l:1900.0};{t:14.0; w:158.0; l:1900.0};{t:15.0; w:140.0; l:1900.0};{w:120.0; l:1276.0};{w:140.0; l:2.0}
PU Material,Freudenberg: Enkamat 7210,10,0.33,1000,1122.21,1122.21,370.329,375.94,0,0,8e-05,8e-05,
Plastic,Desmovit: DP R 3918,1290,0.37,1.25e+09,1.44827e+09,1.44827e+09,5.35859e+08,4.56204e+08,0,0,7e-06,0.000131,
Plastic,Geba: TPU 3918,1290,0.37,1.25e+09,1.44827e+09,1.44827e+09,5.35859e+08,4.56204e+08,0,0,7e-06,0.000131,
Plastic,Geba: TPU 3919,1300,0.37,1.15e+09,1.33241e+09,1.33241e+09,4.9299e+08,4.19708e+08,0,0,1.03e-05,0.000114,{w:1000};{w:1020}
Sidewall,Socrep: TPU 511/519,1200,0.499,5e+06,6.6578e+06,6.6578e+06,3.32224e+06,1.66778e+06,0,0,0.00018,0.00018,
Carbon Fiber,ITOCHU: HS40 F22 12K 800 tex Carbon Roving,1577,0.3,1.4e+11,1.408e+11,9.051e+09,2.715e+09,5e+09,0,0,-1e-06,2.5e-05,
Carbon Fiber,ITOCHU: HS40 E13 6K 400 tex Carbon Roving,1577,0.3,1.4e+11,1.408e+11,9.051e+09,2.715e+09,5e+09,0,0,-1e-06,2.5e-05,
Injection,BASF: E1160D50 TPU,1120,0.48,1.2e+08,1.55925e+08,1.55925e+08,7.48441e+07,4.05405e+07,0,0,0.000155,0.000155,{t:2.0; w:350.0; l:1700.0};{t:5.0; w:250.0; l:1700.0};{t:7.0; w:280.0; l:1540.0};{t:7.0; w:345.0; l:1250.0};{t:7.0; w:345.0; l:1300.0};{t:7.0; w:345.0; l:1420.0}
Injection,BASF: 1165D50STR TPU,1200,0.48,2e+08,2.59875e+08,2.59875e+08,1.2474e+08,6.75676e+07,0,0,0.00014,0.00014,
Injection,BASF: 1154D50 TPU,1170,0.48,9e+07,1.16944e+08,1.16944e+08,5.61331e+07,3.04054e+07,0,0,0.000165,0.000165,
