Category,Name,Density [kg/m^3],Poisson's Ratio,Young's Modulus [Pa],Q11 [Pa],Q22 [Pa],Q12 [Pa],Q66 [Pa],Q16 [Pa],Q26 [Pa],Available dimensions
Fiberglass,Chomarat: DIAGONAP DTF 20.72.3.06,2094.23494,0.31,33327371.12,35999646.95,12028392.19,5669495.715,6448469.475,0,0,{w:1270; t:0.69}
Fiberglass,Chomarat: DIAGONAP DT 17.60.3.06,1962.899582,0.32,29277944.86,31531474.13,9700958.565,4675616.971,5202891.057,0,0,{w:1270; t:0.65}
Fiberglass,Chomarat: DIAGONAP DTF 17.38.3.06,1820.657297,0.33,21324060.85,23852639.02,8845539.102,4729337.906,5066921.295,0,0,{w:1270; t:0.60}
Fiberglass,Chomarat: DIAGONAP DTF 14VC.38.3.06,1848.575244,0.53,26417449.63,33507531.06,15461768.82,10470205.35,11031299,0,0,{w:1270; t:0.69}
Fiberglass,Chomarat: DIAGONAP DX FT 13.04,1647.52948,0.33,7114455.462,11140101.6,9541623.641,6197677.013,6429980.305,0,0,{w:1270; t:0.65}
Carbon Fiber,Chomarat: RUBAN CARBONE 9284,1501.578119,0.27,117402989.4,117787698.5,5437118.437,1446274.285,2313360.282,0,0,{w:1270; t:0.60}
Fiberglass,Chomarat: RUBAN 7018 F,1789.131223,0.29,31781282.26,32237769.72,5371734.101,1565927.61,1936859.946,0,0,{w:1270; t:0.49}
Fiberglass,Chomarat: RUBAN 2016,1926.32955,0.28,37883391.34,38408208.61,6546893.06,1853624.159,2397894.504,0,0,{w:1270; t:0.3}
Fiberglass,Chomarat: ROVINAP 42 F2.08,1907.278862,0.17,31096423.17,31397752.95,11062602.83,1825785.204,2215738.549,1.73E-12,2.83E-10,{w:60; t:0.16}
Fiberglass,Chomarat: ROVINAP 24 F.08,1845.389493,0.14,25621733.4,25856794.03,12293880.94,1699943.36,1949640.275,2.47E-12,3.89E-10,{w:100; t:0.2}; {w:117; t:0.2}; {w:124; t:0.2}; {w:130; t:0.2}; {w:140; t:0.2}; 
Fiberglass,Chomarat: ROVINAP 60.08,1820.426419,0.19,29654046.14,29961741.48,8866094.465,1651682.76,1988121.338,1.33E-12,1.94E-10,{w:55; t:0.2}
Fiberglass,Chomarat: G-TAPE 6073FT,1994,0.15,35777981.33,36070951.39,13891849.71,2017398.326,2673643.054,2.44E-12,4.10E-10,{w:1270; t:0.4}
Fiberglass,Chomarat: G-PLY TL360/330 T3/V30,1958.696887,0.33,24469373.16,27562177.41,10817268.79,5784089.805,6279858.455,0,0,{w:1270; t:0.29}
Carbon Fiber,Chomarat: C-PLY SP TBX270 C3.4 12K HS,1388.593434,0.68,6684870.625,25657837.88,25657837.88,22063615.49,22575934.84,313310.9113,313310.9113,{w:1270; t:0.59}
Carbon Fiber,Chomarat: C-TAPE U150P 12K x 43mm,1502.117209,0.26,117846269,118228876.2,5505421.284,1451349.029,2369273.567,1.89E-13,2.81E-12,{w:1270; t:0.08}
Carbon Fiber,Chomarat: C-TAPE U1160P 12K x 30mm,1549.11517,0.19,121992842.8,122293474.7,8338856.607,1583327.618,2565439.916,8.62E-13,1.45E-10,{w:1270; t:0.5}
Carbon Fiber,Chomarat: DIAGOTEX D988C,1535.439013,0.7,10826701.88,38205735.07,37044388.69,31847127.77,32864146.76,0,0,{w:43; t:0.16}
Carbon Fiber,Chomarat: TER2A Tape U90C58L P 12K F,1478.89424,0.2,84527049.35,84853389.8,7910836.979,1606743.953,2280614.893,8.74E-13,1.47E-10,{w:30; t:0.16}
Binding Mat,Chomarat: Volumat: 300T/300,1994,0.08,7591294.766,7774932.967,26177519.58,2192531.097,1586936.523,6.66E-12,1.12E-09,{w:60; t:0.16}
Fiberglass,HongTex: E-LT-400,1962.312253,0.15,30060373.86,30347033.29,13176274.81,1943477.124,2544519.481,2.50E-12,3.83E-10,{w:1270; t:0.3}
Fiberglass,HongTex: E-LT-540,1963.434441,0.13,28830087.67,29091172.12,14507615.87,1946204.756,2549092.256,3.02E-12,4.64E-10,
Fiberglass,HongTex: E-LT-600,1963.025061,0.14,29547842.16,29823066.9,13748185.62,1945209.701,2547424.083,2.72E-12,4.18E-10,{w:55; t:0.4}; {w:1250; t:0.4}
Fiberglass,HongTex: E-LT-660,1965.719758,0.15,30295292.77,30584584.17,13167917.37,1951759.533,2558404.636,2.48E-12,3.81E-10,{w:1270.0; t:0.27}
Fiberglass,HongTex: E-LT-750,1971.577816,0.16,31392083.27,31702690.94,12443831.48,1965998.343,2582275.479,2.17E-12,3.34E-10,{w:1295.4; t:0.37};{w:279.4; t:0.37}
Fiberglass,HongTex: E-LT-830,1971.402533,0.17,31953793.14,32279685.95,11855046.7,1965572.294,2581561.224,1.94E-12,2.98E-10,{w:1219.2; t:0.41};{w:220.2; t:0.41};{w:317.5; t:0.41};{w:330.2; t:0.41}
Fiberglass,HongTex: E-LT-980,1974.745473,0.15,30827005.41,31121263.51,13238319.85,1973697.768,2595183.285,2.48E-12,3.80E-10,{w:1219.2; t:0.45};{w:1295.4; t:0.45};{w:317.5; t:0.45};{w:330.2; t:0.45}
Fiberglass,HongTex: E-LT-660-10C,1961.209514,0.15,31865974.74,32156116.31,13138926.4,1952472.48,2570889.947,2.47E-12,3.78E-10,{w:1270.0; t:0.5};{w:322.6; t:0.5};{w:323.8; t:0.5};{w:340.4};{w:349.2; t:0.5};{w:355.6; t:0.5}
Fiberglass/Carbon,HongTex: EC-DBL-635,1879.692201,0.3,42352811.78,44434159,9299337.12,4399448.773,5081043.58,0,0,{w:323.8; t:0.56};{w:355.6; t:0.56}
Fiberglass/Carbon,HongTex: EC-DBL-800-30M,1917.752621,0.3,35831223.11,37993536.23,9550062.919,4544252.005,5129004.724,0,0,{w:1270.0; t:0.66}
Fiberglass,HongTex: E-DBL-670-30M,1947.333512,0.28,31938121.71,32594152.29,7019834.405,2145979.049,2528962.104,0,0,{w:1270.0; t:0.57};{w:323.8; t:0.57};{w:342.9; t:0.57}
Fiberglass,HongTex: E-DBL-680-30M,1979.123636,0.3,24087271.64,26688775.5,10329777.66,5183913.239,5713938.408,0,0,{w:1270.0; t:0.49}
Fiberglass,HongTex: E-DBL-800-30M,1973.460669,0.3,23876342.43,26487911.87,10291116.19,5184203.371,5718441.668,0,0,{w:1270.0; t:0.65}
Fiberglass,HongTex: E-DBL-950-30M,1976.88987,0.3,21079034.75,24331998.58,11179794.38,6030544.476,6584635.095,0,0,{w:317.5; t:0.22};{w:1270; t:0.22}
Fiberglass,HongTex: E-DBL-1150-30M,1979.852828,0.3,26586196.44,28809112.52,9797684.209,4666843.665,5238087.43,0,0,{w:1270; t:0.47}
Fiberglass,HongTex: 9 oz. Uni,2290.53,0.28,42240000000,42808906328,7153894774,2017398326,6549295775,0,0,{w:381; t:0.55};{w:323.8; t:0.55};{w:342.9};{w:381.0; t:0.55}; {w:1270; t:0.55}
Fiberglass,HongTex: 13 oz. Uni,1974.610389,0.28,36803112.44,37360196.76,6990300.639,1973369.427,2594632.833,0,0,{w:1270; t:0.66}
Fiberglass,HongTex: 17 oz. Uni,2955.9,0.28,42240000000,42808906328,7153894774,2017398326,6549295775,0,0,{w:1270; t:0.79}
Fiberglass,HongTex: K2-20,1965.741579,0.15,30285012.03,30574055.84,13179913.35,1951812.569,2558493.55,2.49E-12,3.82E-10,{w:1270.0; t:0.2}
Fiberglass,HongTex: K2-22,1968.749298,0.16,31241154.34,31550540.67,12405731.84,1959123.244,2570749.629,2.17E-12,3.33E-10,{w:1270.0; t:0.29};{w:40.0; t:0.29};{w:50.0; t:0.29}
Flax,BComp: AMPLITEX 5057-6,1340,0.34,31800000,32343085.24,4643182.869,1587968.541,1802884.615,0,0,{w:1270; t:0.37}
Carbon/Flax,BComp: Amplitex 115gsm-C 125gsm-F - 52mm,1450,0.33,48263300000,54161490000,54161490000,17873290000,18144100000,0,0,{w:1270.0; t:0.45};{w:317.5; t:0.45}
Carbon Fiber,A&P Technology: BIMAX 374,1520,0.68,9617355.592,34601621.16,34601621.16,29402314.4,30430906.72,0,0,{w:323.8; t:0.5};{w:355.6; t:0.5}
Carbon Fiber,A&P Technology: UNI-4.0-SM,1520,0.26,118500000,118914760.1,5950988.879,1571061.064,2599653.38,0,0,{w:125; t:0.17};{w:310; t:0.17};{w:950.0; t:0.17}
Carbon Fiber,HongTex: TWILL-3K,1520,0.33,62393340.31,62432874.5,62432874.5,1571061.064,2599653.38,2.51E-11,3.43E-09,{w:60; t:0.25}
Precure laminate,Hexcel: Polyspeed GC-EV 530B,1770.44487,0.23,74878543.48,75302730.94,7710679.159,1808527.96,2638746.912,4.44E-13,6.81E-11,{w:1270; t:0.38}
Precure laminate,Hexcel: Polyspeed GC-EV 750B,1790.189789,0.25,67706488.45,68160756.28,7359536.779,1828442.179,2641829.022,2.97E-13,4.33E-11,{w:150; t:0.14}
Precure laminate,Hexcel: Polyspeed GC-EV BB566,1905.123337,0.4,13497414.87,20605391.06,19145066.84,11665448.09,12285402.9,0,0,{w:1270; t:0.22}
Precure laminate,Hexcel: Polyspeed HMGC-EV 606B,1892.86251,0.24,54169654.01,54637429.54,7918526.034,1924601.957,2657855.86,4.02E-13,6.16E-11,{t:0.35}
Precure laminate,Hexcel: Polyspeed NR-C/Flax EV 405B,1515.157859,0.25,70488078.87,70893418.75,6659663.807,1642993.412,2285316.652,4.23E-13,6.49E-11,{t:0.55}
Precure laminate,Hexcel: G-EV 696R,1994,0.15,31598370.79,31895066.45,13759602.56,2020498.534,2673643.054,2.62E-12,4.01E-10,{t:0.55}
Fleece,Nico Fiber,1980,0.33,3447380000,3868680000,3868680000,1276660000,1296010000,0,0,{t:0.42}
Binding Mat,Owens Corning: GLASS MAT M723 450gsm,1994,0.33,7075200,7686457.876,7686457.876,2167581.121,427782.8887,0,0,{t:0.5}
Binding Mat,Owens Corning: GLASS MAT M723 600gsm,1994,0.33,7075200,7686457.876,7686457.876,2167581.121,427782.8887,0,0,{t:0.5; w:1200.0}
Braid,Glass - Braid,1980,0.33,9652660.206,10832297.39,10832297.39,3574658.139,3628819.626,0,0,{w:1270; t:0.2}
Braid,Glass - Rovings in braid,1980,0.33,40679068.01,45650396.15,45650396.15,15064630.73,15292882.71,0,0,
Fleece,XuRui: G50 Fleece Veil,1577,0.33,3447380000,3868680000,3868680000,1276660000,1296010000,0,0,
Fleece,XuRui:G100 Fleece Veil,1577,0.33,3447380000,3868680000,3868680000,1276660000,1296010000,0,0,
Core - Wood,Ash,680,0.33,12310000,13814386.71,13814386.71,4558747.615,4627819.549,0,0,
Core - Wood,Aspen,450,0.33,9750000,10941532.94,10941532.94,3610705.869,3665413.534,0,0,{w:1000; t:0.15}
Core - Wood,Paulownia,280,0.33,5600000,6284367.636,6284367.636,2073841.32,2105263.158,0,0,{w:1270; t:0.3}
Core - Wood,Hard Maple,705,0.33,12620000,14162271.35,14162271.35,4673549.546,4744360.902,0,0,
Core - Wood,Soft Maple,550,0.33,11300000,12680956.12,12680956.12,4184715.52,4248120.301,0,0,{t:10.0; w:320.0; l:1600.0};{t:100.0; w:240.0; l:1700.0};{t:100.0; w:240.0; l:1900.0};{t:100.0; w:260.0; l:2100.0};{t:100.0; w:270.0; l:2300.0};{t:100.0; w:280.0; l:1250.0};{t:100.0; w:280.0; l:1350.0};{t:100.0; w:280.0; l:1400.0};{t:100.0; w:280.0; l:1450.0};{t:100.0; w:280.0; l:1500.0};{t:100.0; w:280.0; l:1550.0};{t:100.0; w:280.0; l:1600.0};{t:100.0; w:280.0; l:1650.0};{t:100.0; w:280.0; l:1700.0};{t:100.0; w:280.0; l:1750.0};{t:100.0; w:280.0; l:1800.0};{t:100.0; w:280.0; l:1850.0};{t:100.0; w:280.0; l:1900.0};{t:100.0; w:280.0; l:2100.0};{t:100.0; w:280.0; l:2300.0};{t:100.0; w:290.0; l:1250.0};{t:100.0; w:300.0; l:1350.0};{t:100.0; w:300.0; l:1400.0};{t:100.0; w:300.0; l:1450.0};{t:100.0; w:300.0; l:1500.0};{t:100.0; w:300.0; l:1550.0};{t:100.0; w:300.0; l:1600.0};{t:100.0; w:300.0; l:1650.0};{t:100.0; w:300.0; l:1700.0};{t:100.0; w:300.0; l:1750.0};{t:100.0; w:320.0; l:1350.0};{t:100.0; w:320.0; l:1450.0};{t:100.0; w:320.0; l:1500.0};{t:100.0; w:320.0; l:1550.0};{t:100.0; w:320.0; l:1600.0};{t:100.0; w:320.0; l:1650.0};{t:100.0; w:320.0; l:1700.0};{t:100.0; w:320.0; l:1750.0};{t:100.0; w:320.0; l:1800.0};{t:100.0; w:320.0; l:1850.0};{t:100.0; w:320.0; l:1900.0};{t:100.0; w:330.0; l:1550.0};{t:100.0; w:340.0; l:1500.0};{t:100.0; w:340.0; l:1600.0};{t:100.0; w:340.0; l:1650.0};{t:100.0; w:340.0; l:1700.0};{t:100.0; w:340.0; l:1750.0};{t:100.0; w:340.0; l:1800.0};{t:100.0; w:340.0; l:1850.0};{t:100.0; w:340.0; l:1900.0};{t:100.0; w:360.0; l:1900.0};{t:11.0; w:320.0; l:1600.0};{t:11.5; w:360.0; l:1700.0};{t:12.0; w:320.0; l:1750.0};{t:12.0; w:360.0; l:1750.0};{t:12.5; w:340.0; l:1800.0};{t:140.0; w:340.0; l:2000.0};{t:600.0; w:110.0; l:1050.0};{t:600.0; w:110.0; l:1150.0};{t:600.0; w:110.0; l:1250.0};{t:600.0; w:110.0; l:1350.0};{t:600.0; w:115.0; l:1100.0};{t:600.0; w:115.0; l:1200.0};{t:600.0; w:115.0; l:1300.0};{t:600.0; w:115.0; l:1400.0};{t:600.0; w:115.0; l:1500.0};{t:600.0; w:115.0; l:1600.0};{t:600.0; w:120.0; l:1250.0};{t:600.0; w:120.0; l:1350.0};{t:600.0; w:120.0; l:1450.0};{t:600.0; w:120.0; l:1550.0};{t:600.0; w:120.0; l:1650.0};{t:600.0; w:130.0; l:1460.0};{t:600.0; w:130.0; l:1500.0};{t:600.0; w:130.0; l:1560.0};{t:600.0; w:130.0; l:1600.0};{t:600.0; w:130.0; l:1660.0};{t:600.0; w:130.0; l:1700.0};{t:600.0; w:130.0; l:1760.0};{t:600.0; w:130.0; l:1800.0};{t:7.0; w:240.0; l:1650.0};{t:7.0; w:240.0; l:1900.0};{t:7.0; w:260.0; l:1050.0};{t:7.0; w:280.0; l:1150.0};{t:7.5; w:280.0; l:1100.0};{t:7.5; w:290.0; l:1250.0};{t:7.5; w:300.0; l:1350.0};{t:7.5; w:300.0; l:1400.0};{t:7.5; w:310.0; l:1450.0};{t:7.5; w:320.0; l:1500.0};{t:7.5; w:330.0; l:1550.0};{t:7.5; w:340.0; l:1600.0};{t:8.0; w:260.0; l:1150.0};{t:8.0; w:260.0; l:950.0};{t:8.0; w:280.0; l:1300.0};{t:8.0; w:320.0; l:1450.0};{t:8.0; w:320.0; l:1500.0};{t:8.0; w:330.0; l:1550.0};{t:8.0; w:340.0; l:1600.0};{t:8.0; w:340.0; l:1650.0};{t:8.5; w:280.0; l:1500.0};{t:8.5; w:340.0; l:1600.0};{t:8.5; w:340.0; l:1650.0};{t:9.0; w:340.0; l:1600.0};{t:9.0; w:340.0; l:1650.0};{t:9.0; w:340.0; l:1700.0};{t:9.5; w:260.0; l:1250.0};{t:9.5; w:280.0; l:1350.0};{t:9.5; w:340.0; l:1550.0}
Core - Wood,European Beech,710,0.33,14310000,16058803.73,16058803.73,5299405.229,5379699.248,0,0,
Core - Wood,Birch,740,0.33,13860000,15553809.9,15553809.9,5132757.266,5210526.316,0,0,
Core - Wood,Bamboo,1150,0.33,12600000,14139827.18,14139827.18,4666142.969,4736842.105,0,0,
Core - Wood,Fir,415,0.33,10240000,11491415.1,11491415.1,3792166.985,3849624.06,0,0,
Core - Wood,Poplar - Light,370,0.33,7590000,8517562.563,8517562.563,2810795.646,2853383.459,0,0,
Core - Wood,Poplar,412.5,0.33,9245000,10374817.64,10374817.64,3423689.822,3475563.91,0,0,
Core - Wood,Poplar - Dense,455,0.33,10900000,12232072.72,12232072.72,4036583.997,4097744.361,0,0,
Core - Composite,WBK # N21 - Offset Stringer (1x): Pal/Map,421.88,0.33,6894760000,7737360000,7737360000,2553330000,2592010000,0,0,
Core - Composite,WBK # N12 - Offset Stringer (2x): Asp/Map,604.4,0.33,13444780000,15087840000,15087840000,4978990000,5054430000,0,0,
Core - Composite,WBK # N3 - Solid: Asp Veneer,570.3,0.33,9307920000,10445430000,10445430000,3446990000,3499220000,0,0,
Core - Composite,WBK # N5 - Alternating: Fir/Asp,531.63,0.33,11548720000,12960070000,12960070000,4276820000,4341620000,0,0,
Core - Composite,WBK # N8 - Double Barrel: Fir/Asp,532.78,0.33,11548720000,12960070000,12960070000,4276820000,4341620000,0,0,
Core - Composite,WBK # N2 - Solid: Asp,498.79,0.33,9307920000,10445430000,10445430000,3446990000,3499220000,0,0,
Core - Composite,WBK # N4 - Solid: Pal,321,0.33,5033170000,5648270000,5648270000,1863930000,1892170000,0,0,
Core - Composite,WBK # N13 - Offset Stringers (1x): Asp/Map,546.51,0.33,10859240000,12186330000,12186330000,4021490000,4082420000,0,0,
Core - Composite,WBK # N14 - Alternating Asp/Pal,416.39,0.33,11548720000,12960070000,12960070000,4276820000,4341620000,0,0,
Core - Foam,Isosport: IsoCore 150,150,0.33,185000000,207610000,207610000,68510000,69550000,0,0,
Core - Foam,Isosport: IsoCore 250,250,0.33,300000000,336660000,336660000,111100000,112780000,0,0,
Core - Foam,Armacell: Struct GRX 100,100,0.33,120000000,134670000,134670000,44440000,45110000,0,0,
Core - Foam,Armacell: Struct GRX 115,115,0.33,140000000,157110000,157110000,51850000,52630000,0,0,
Core - Foam,Armacell: Struct GRX 150,150,0.33,185000000,207610000,207610000,68510000,69550000,0,0,
Core - Foam,Armacell: Struct GRX 250,250,0.33,300000000,336660000,336660000,111100000,112780000,0,0,
Steel,CDW: Steel Edge,8050,0.33,2.07E+11,2.32E+11,2.32E+11,76599820000,77760420000,0,0,
Steel,Freidrich: Steel Edge,8050,0.33,2.07E+11,2.32E+11,2.32E+11,76599820000,77760420000,0,0,
Titanal,AMAG: Titanal,2700,0.33,68947570000,77373550000,77373550000,25533270000,25920140000,0,0,
Sintered base material,Crown: DS 4001,970,0.33,1516850000,1702220000,1702220000,561730000,570240000,0,0,
Extruded base material,Crown: F7501,970,0.33,1516850000,1702220000,1702220000,561730000,570240000,0,0,
Sintered base material,CPS: P-Tex 4504,970,0.33,1516850000,1702220000,1702220000,561730000,570240000,0,0,{t:0.5; w:211.0};{t:0.5; w:230.0};{t:0.5; w:250.0};{t:0.5; w:260.0};{t:0.5; w:290.0};{t:0.6; w:211.0};{t:0.6; w:230.0};{t:0.6; w:240.0}
Sintered base material,CPS: P-Tex 3000,970,0.33,1516850000,1702220000,1702220000,561730000,570240000,0,0,{t:1.1; w:320.0};{t:1.1; w:340.0};{t:1.1; w:370.0};{t:1.1; w:380.0};{t:1.2; w:170.0};{t:1.2; w:320.0};{t:1.2; w:330.0};{t:1.2; w:335.0};{t:1.2; w:340.0};{t:1.2; w:355.0};{t:1.3; w:240.0};{t:1.3; w:260.0};{t:1.3; w:280.0};{t:1.3; w:290.0};{t:1.3; w:300.0};{t:1.3; w:320.0};{t:1.3; w:330.0};{t:1.3; w:340.0};{t:1.3; w:380.0};{t:1.7; w:260.0};{t:1.7; w:280.0};{t:1.7; w:290.0};{t:1.7; w:300.0};{t:1.7; w:320.0};{t:1.7; w:330.0};{t:1.7; w:340.0};{t:1.7; w:360.0};{t:2.0; w:340.0}
Sintered base material,CPS: P-Tex 2100,970,0.33,1516850000,1702220000,1702220000,561730000,570240000,0,0,{t:1.0; w:310.0};{t:1.2; w:250.0};{t:1.2; w:320.0};{t:1.2; w:330.0};{t:1.2; w:340.0};{t:1.3; w:240.0};{t:1.3; w:250.0};{t:1.3; w:280.0};{t:1.3; w:316.0};{t:1.3; w:331.0};{t:1.3; w:346.0};{t:1.3; w:376.0};{t:1.6; w:250.0};{t:1.7; w:280.0}
Sintered base material,CPS: P-Tex 2000,970,0.33,1516850000,1702220000,1702220000,561730000,570240000,0,0,{t:1.1; w:135.0};{t:1.1; w:150.0};{t:1.3; w:115.0};{t:1.3; w:125.0};{t:1.3; w:130.0};{t:1.3; w:135.0};{t:1.3; w:140.0};{t:1.3; w:145.0};{t:1.3; w:150.0};{t:1.3; w:160.0};{t:1.3; w:165.0};{t:1.3; w:300.0};{t:1.3; w:320.0};{t:1.3; w:95.0};{t:1.7; w:130.0};{t:1.7; w:135.0};{t:1.7; w:140.0};{t:1.7; w:150.0};{t:1.7; w:155.0};{t:1.7; w:160.0};{t:1.7; w:165.0};{t:1.7; w:175.0}
Extruded base material,CPS: P-Tex 1100,970,0.33,1516850000,1702220000,1702220000,561730000,570240000,0,0,{t:1.3; w:115.0};{t:1.3; w:125.0};{t:1.3; w:130.0};{t:1.3; w:135.0};{t:1.3; w:140.0};{t:1.3; w:145.0};{t:1.3; w:150.0};{t:1.3; w:160.0};{t:1.3; w:165.0};{t:1.3; w:300.0};{t:1.3; w:320.0};{t:1.3; w:95.0}
Extruded base material,CPS: P-Tex 900,970,0.33,1516850000,1702220000,1702220000,561730000,570240000,0,0,{t:1.1; w:135.0};{t:1.1; w:150.0};{t:1.3; w:115.0};{t:1.3; w:125.0};{t:1.3; w:130.0};{t:1.3; w:135.0};{t:1.3; w:140.0};{t:1.3; w:145.0};{t:1.3; w:150.0};{t:1.3; w:160.0};{t:1.3; w:165.0};{t:1.3; w:300.0};{t:1.3; w:320.0};{t:1.3; w:95.0};{t:1.5; w:130.0};{t:1.5; w:135.0};{t:1.6; w:125.0};{t:1.6; w:135.0};{t:1.7; w:130.0};{t:1.7; w:135.0};{t:1.7; w:140.0};{t:1.7; w:150.0};{t:1.7; w:155.0};{t:1.7; w:160.0};{t:1.7; w:165.0};{t:1.7; w:175.0}
Top Material,Watom: Duraclear 117,1070,0.33,1723690000,1934340000,1934340000,638330000,648000000,0,0,{t:1.1; w:135.0};{t:1.2; w:350.0};{t:1.3; w:115.0};{t:1.3; w:125.0};{t:1.3; w:130.0};{t:1.3; w:135.0};{t:1.3; w:140.0};{t:1.3; w:145.0};{t:1.3; w:150.0};{t:1.3; w:155.0};{t:1.3; w:160.0};{t:1.3; w:165.0};{t:1.3; w:280.0};{t:1.3; w:300.0};{t:1.3; w:320.0};{t:1.3; w:340.0};{t:1.3; w:95.0};{t:1.5; w:150.0};{t:1.5; w:155.0};{t:1.7; w:130.0};{t:1.7; w:135.0};{t:1.7; w:140.0};{t:1.7; w:150.0};{t:1.7; w:155.0};{t:1.7; w:160.0};{t:1.7; w:165.0};{t:1.7; w:280.0};{t:1.7; w:300.0}
Top Material,Watom: Duraclear 111,1070,0.33,1723690000,1934340000,1934340000,638330000,648000000,0,0,{t:1.3; w:115.0};{t:1.3; w:125.0};{t:1.3; w:130.0};{t:1.3; w:135.0};{t:1.3; w:140.0};{t:1.3; w:145.0};{t:1.3; w:150.0};{t:1.3; w:160.0};{t:1.3; w:165.0};{t:1.3; w:300.0};{t:1.3; w:320.0};{t:1.3; w:95.0}
Top Material,Watom: 210,1070,0.33,1723690000,1934340000,1934340000,638330000,648000000,0,0,{t:1.3; w:115.0};{t:1.3; w:125.0};{t:1.3; w:130.0};{t:1.3; w:135.0};{t:1.3; w:140.0};{t:1.3; w:145.0};{t:1.3; w:150.0};{t:1.3; w:160.0};{t:1.3; w:165.0};{t:1.3; w:300.0};{t:1.3; w:320.0};{t:1.3; w:95.0}
Top Material,Watom: 211,1070,0.33,1723690000,1934340000,1934340000,638330000,648000000,0,0,{t:0.5; w:320.0};{t:0.5; w:340.0};{t:0.5; w:350.0}
Sintered base material,Isosport: IS 4800,970,0.33,1516850000,1702220000,1702220000,561730000,570240000,0,0,{t:0.5; w:320.0};{t:0.5; w:485.0};{t:0.5; w:515.0};{t:0.5; w:570.0};{t:0.6; w:570.0}
TPU,Isosport: TPU IE 3200 SM 2EV 031,1370,0.33,2068430000,2324663736,2324663736,771788360,776437688,0,0,{t:0.6; w:320.0};{t:0.6; w:340.0};{t:0.6; w:515.0};{t:0.6; w:570.0};{t:0.7; w:570.0}
Top Material,Isosport: ICP 5275,1070,0.33,1723690000,1934340000,1934340000,638330000,648000000,0,0,{t:0.5; w:320.0};{t:0.5; w:340.0};{t:0.5; w:345.0};{t:0.5; w:515.0};{t:0.5; w:570.0};{t:0.6; w:320.0};{t:0.6; w:340.0};{t:0.6; w:375.0};{t:0.6; w:515.0};{t:0.6; w:570.0}
Top Material,Isosport: ICP 5278,1070,0.33,1723690000,1934340000,1934340000,638330000,648000000,0,0,
Plastic,CPS: TP455,750,0.33,750000000,841660000,841660000,277750000,281950000,0,0,{t:0.6; w:325.0};{t:1.2; w:380.0}
Rubber,Semperit: Haberkorn Rubber,1070,0.33,344740000,386870000,386870000,127670000,129600000,0,0,{t:0.5; w:320.0};{t:0.5; w:330.0};{t:0.5; w:340.0};{t:0.5; w:360.0};{t:0.5; w:375.0};{t:0.5; w:485.0};{t:0.5; w:515.0};{t:0.5; w:580.0};{t:0.6; w:320.0};{t:0.6; w:340.0};{t:0.6; w:360.0};{t:0.6; w:375.0};{t:0.6; w:515.0};{t:0.6; w:570.0}
Urethane,Argotec: Urethane,1070,0.33,344740000,386870000,386870000,127670000,129600000,0,0,{t:0.5; w:320.0};{t:0.6; w:570.0}
Sidewall,CPS: ABS/TPU Sidewall,1070,0.33,2068430000,2321210000,2321210000,766000000,777600000,0,0,
Sidewall,IMS Plast: CPAN 125 GT2 ABS,1070,0.33,2068430000,2321210000,2321210000,766000000,777600000,0,0,
Sidewall,Crown: DS2000 UHMWPE,970,0.33,2068430000,2321210000,2321210000,766000000,777600000,0,0,
PU Foam,BASF: Modipur injection foam,600,0.33,20340000,22830000,22830000,7530000,7650000,0,0,{t:10.5; w:7.0; l:1450.0};{t:10.5; w:7.0; l:1480.0};{t:10.5; w:7.0; l:1500.0};{t:10.5; w:7.0; l:1550.0};{t:10.5; w:7.0; l:1620.0};{t:10.5; w:7.0; l:1650.0};{t:11.5; w:14.0; l:1500.0};{t:11.5; w:8.0; l:1650.0};{t:12.0; w:5.0; l:1400.0};{t:12.0; w:5.0; l:1455.0};{t:12.0; w:5.0; l:1500.0};{t:12.0; w:5.0; l:1530.0};{t:12.0; w:5.0; l:1575.0};{t:12.0; w:5.0; l:1600.0};{t:12.0; w:7.0; l:1550.0};{t:12.0; w:7.0; l:1600.0};{t:12.0; w:7.0; l:1620.0};{t:12.0; w:7.0; l:850.0};{t:12.0; w:7.0; l:900.0};{t:14.0; w:5.0; l:1540.0};{t:14.0; w:5.0; l:1650.0};{t:14.0; w:7.0; l:1650.0};{t:14.0; w:7.0; l:850.0};{t:14.0; w:7.0; l:900.0};{t:9.2; w:7.0; l:1350.0};{t:9.2; w:7.0; l:1450.0};{t:9.2; w:7.0; l:1500.0};{t:9.2; w:7.0; l:1550.0};{t:9.2; w:7.0; l:1600.0}
Precure laminate,Hexcell: G-R80 Laminate,1980,0.33,40679070000,45650400000,45650400000,15064630000,15292880000,0,0,{t:2.0};{t:2.5; w:350.0; l:1300.0};{t:4.0; w:350.0; l:1200.0};{t:4.0; w:350.0; l:1250.0};{t:4.0; w:350.0; l:1350.0};{t:4.0; w:350.0; l:1400.0};{t:4.0; w:350.0; l:1550.0};{t:4.0; w:350.0; l:1600.0};{t:5.0; w:350.0; l:1150.0};{t:5.0; w:350.0; l:1200.0};{t:5.0; w:350.0; l:1250.0};{t:5.0; w:350.0; l:1300.0};{t:5.0; w:350.0; l:1350.0};{t:5.0; w:350.0; l:1400.0};{t:5.0; w:350.0; l:1450.0};{t:5.0; w:350.0; l:1500.0};{t:5.0; w:350.0; l:1550.0};{t:5.0; w:350.0; l:1600.0};{t:5.0; w:350.0; l:1650.0};{t:5.0; w:350.0; l:1700.0};{t:5.0; w:350.0; l:1750.0};{t:5.0; w:350.0; l:950.0};{t:7.0; w:280.0; l:1300.0};{t:7.0; w:280.0; l:1400.0};{t:7.0; w:280.0; l:1500.0};{t:7.0; w:280.0; l:1600.0};{t:7.0; w:280.0; l:1650.0};{t:9.5; w:300.0; l:1650.0}
Precure laminate,Hexcell: G-EV R68,1980,0.33,40679070000,45650400000,45650400000,15064630000,15292880000,0,0,{t:0.5; w:260.0; l:1700.0};{t:2.5; w:250.0; l:1300.0};{t:3.0; w:260.0; l:1000.0};{t:5.0; w:250.0; l:1000.0};{t:5.0; w:250.0; l:1050.0};{t:5.0; w:250.0; l:1100.0};{t:5.0; w:250.0; l:1120.0};{t:5.0; w:250.0; l:1150.0};{t:5.0; w:250.0; l:1200.0};{t:5.0; w:250.0; l:1250.0};{t:5.0; w:250.0; l:1300.0};{t:5.0; w:250.0; l:1350.0};{t:5.0; w:250.0; l:1400.0};{t:5.0; w:250.0; l:1450.0};{t:5.0; w:250.0; l:1500.0};{t:5.0; w:250.0; l:1550.0};{t:5.0; w:250.0; l:1600.0};{t:5.0; w:250.0; l:1650.0};{t:5.0; w:250.0; l:1700.0};{t:5.0; w:250.0; l:1750.0};{t:5.0; w:250.0; l:1800.0};{t:7.0; w:250.0; l:1050.0};{t:7.0; w:250.0; l:1100.0};{t:7.0; w:250.0; l:1150.0};{t:7.0; w:250.0; l:1200.0};{t:7.0; w:250.0; l:1300.0};{t:7.0; w:250.0; l:1320.0};{t:7.0; w:250.0; l:1360.0};{t:7.0; w:250.0; l:1400.0};{t:7.0; w:250.0; l:1450.0};{t:7.0; w:250.0; l:1500.0};{t:7.0; w:250.0; l:1550.0};{t:7.0; w:250.0; l:1600.0};{t:7.0; w:250.0; l:1650.0};{t:7.0; w:250.0; l:1700.0};{t:7.0; w:250.0; l:950.0};{t:8.5; w:250.0; l:1120.0};{t:8.5; w:250.0; l:1150.0};{t:8.5; w:250.0; l:1200.0};{t:8.5; w:250.0; l:1250.0};{t:8.5; w:250.0; l:1270.0};{t:9.0; w:250.0; l:1300.0}
Precure laminate,Hexcell: G-EV 765R,1980,0.33,40679070000,45650400000,45650400000,15064630000,15292880000,0,0,
Precure laminate,Hexcell: G-EV R82,1980,0.33,40679070000,45650400000,45650400000,15064630000,15292880000,0,0,{t:1.0; w:1220.0; l:100.0};{t:1.0; w:60.0; l:100.0}
Steel,CDW: Kaltbandstahl C75S,8050,0.33,2.07E+11,2.32E+11,2.32E+11,76599820000,77760420000,0,0,{t:0.7; w:1000.0}
3D Print,3D Printed ABS,970,0.33,2068430000,2324663736,2324663736,771788360,776437688,0,0,{t:0.6; w:1200.0}
3D Print,3D Printed PP,970,0.33,2068430000,2324663736,2324663736,771788360,776437688,0,0,{t:0.8; w:1200.0}
3D Print,3D Printed TPU,970,0.33,2068430000,2324663736,2324663736,771788360,776437688,0,0,{t:0.2; w:23.5};{t:0.2; w:47.0}
Carbon Fiber,Carbon Conversions: re-Evo MCF-SB 200gsm,1368.4,0.33,21218410000,23846912032,23846912032,7917174795,7964868619,0,0,
Wood,BComp: BCore 300 XL,300,0.33,6200000000,6968045890,6968045890,2313391236,2327327327,0,0,
Plastic - Weighted,Ecomass: 4703ZC71 - TPU/SS - 3.0g/cc,3000,0.33,51700000000,58104511697,58104511697,19290697884,19406906907,0,0,
Plastic - Weighted,Ecomass: 4703ZC76 - TPU/SS - 3.4g/cc,3400,0.33,51700000000,58104511697,58104511697,19290697884,19406906907,0,0,
Plastic - Weighted,Ecomass: 4703ZC87 - TPU/SS - 4.5g/cc,4500,0.33,72400000000,81368793944,81368793944,27014439589,27177177177,0,0,{t:12.0; w:122.0; l:200.0};{t:12.0; w:122.0; l:307.0};{t:14.0; w:140.0; l:1800.0};{t:14.0; w:140.0; l:1900.0};{t:14.0; w:143.0; l:1900.0};{t:14.0; w:158.0; l:1900.0};{t:15.0; w:140.0; l:1900.0};{w:120.0; l:1276.0};{w:140.0; l:2.0}
PU Material,Freudenberg: Enkamat 7210,10,0.33,1000,1124,1124,373,375,0,0,
Plastic,Desmovit: DP R 3918,970,0.33,2068430000,2324663736,2324663736,771788360,776437688,0,0,
Plastic,Geba: TPU 3918,1370,0.33,2068430000,2324663736,2324663736,771788360,776437688,0,0,
Plastic,Geba: TPU 3919,1370,0.33,2068430000,2324663736,2324663736,771788360,776437688,0,0,{w:1000};{w:1020}
Sidewall,Socrep: TPU 511/519,1200,0.33,20000000,22477567,22477567,7462552,7507508,0,0,
Carbon Fiber,ITOCHU: HS40 F22 12K 800 tex Carbon Roving,1577,0.33,68947570000,77373550000,77373550000,25533270000,25920140000,0,0,
Carbon Fiber,ITOCHU: HS40 E13 6K 400 tex Carbon Roving,1577,0.33,68947570000,77373550000,77373550000,25533270000,25920140000,0,0,
Injection,BASF: E1160D50 TPU,1370,0.33,2068430000,2324663736,2324663736,771788360,776437688,0,0,{t:2.0; w:350.0; l:1700.0};{t:5.0; w:250.0; l:1700.0};{t:7.0; w:280.0; l:1540.0};{t:7.0; w:345.0; l:1250.0};{t:7.0; w:345.0; l:1300.0};{t:7.0; w:345.0; l:1420.0}
Injection,BASF: 1165D50STR TPU,1370,0.33,2068430000,2324663736,2324663736,771788360,776437688,0,0,
Injection,BASF: 1154D50 TPU,1370,0.33,2068430000,2324663736,2324663736,771788360,776437688,0,0,
